start,end,word,segment_id,speaker
0.0,0.20000000298023224,I've,,
0.20000000298023224,0.5199999809265137,also,,SPEAKER_04
0.5199999809265137,0.9599999785423279,eaten,,SPEAKER_04
0.9599999785423279,2.0,um,,SPEAKER_04
3.9000000953674316,4.300000190734863,Vegan,,SPEAKER_04
4.300000190734863,4.699999809265137,sausage,,SPEAKER_04
4.699999809265137,4.980000019073486,rolls,,SPEAKER_04
5.139999866485596,5.539999961853027,Have,,SPEAKER_04
5.539999961853027,5.639999866485596,you,,SPEAKER_04
5.639999866485596,5.860000133514404,eaten,,SPEAKER_04
5.860000133514404,6.320000171661377,a,,SPEAKER_04
6.320000171661377,6.320000171661377,vegan,,SPEAKER_04
6.320000171661377,6.340000152587891,sausage,,SPEAKER_04
6.340000152587891,6.340000152587891,roll,,SPEAKER_04
6.360000133514404,6.460000038146973,I've,,SPEAKER_08
6.460000038146973,6.559999942779541,not,,SPEAKER_08
6.639999866485596,6.679999828338623,but,,SPEAKER_08
6.679999828338623,6.840000152587891,it's,,SPEAKER_08
6.840000152587891,6.940000057220459,meant,,SPEAKER_08
6.940000057220459,7.019999980926514,to,,SPEAKER_08
7.019999980926514,7.119999885559082,be,,SPEAKER_08
7.119999885559082,7.199999809265137,a,,SPEAKER_08
7.199999809265137,7.440000057220459,monster,,SPEAKER_08
7.440000057220459,7.639999866485596,hit,,SPEAKER_08
7.639999866485596,7.739999771118164,for,,SPEAKER_08
7.739999771118164,7.940000057220459,that,,SPEAKER_08
7.940000057220459,8.180000305175781,bakery,,SPEAKER_08
8.180000305175781,8.479999542236328,chain,,SPEAKER_08
8.479999542236328,8.699999809265137,isn't,,SPEAKER_08
8.699999809265137,8.699999809265137,it,,SPEAKER_08
13.619999885559082,14.020000457763672,I,,SPEAKER_05
14.020000457763672,14.420000076293945,don't,,SPEAKER_05
14.420000076293945,14.65999984741211,know,,SPEAKER_05
14.65999984741211,14.880000114440918,why,,SPEAKER_05
14.880000114440918,15.300000190734863,people,,SPEAKER_05
15.300000190734863,15.619999885559082,Why,,SPEAKER_05
15.619999885559082,15.680000305175781,are,,SPEAKER_05
15.680000305175781,15.760000228881836,you,,SPEAKER_05
15.760000228881836,16.020000457763672,laughing,,SPEAKER_05
16.020000457763672,16.219999313354492,for,,SPEAKER_05
16.360000610351562,16.700000762939453,Chris,,SPEAKER_05
16.700000762939453,16.899999618530273,why,,SPEAKER_05
16.899999618530273,16.920000076293945,are,,SPEAKER_05
16.920000076293945,17.139999389648438,you,,SPEAKER_05
17.139999389648438,17.18000030517578,laughing,,SPEAKER_05
17.18000030517578,17.5,for,,SPEAKER_05
17.719999313354492,18.020000457763672,Why,,SPEAKER_05
18.020000457763672,18.020000457763672,are,,SPEAKER_05
18.020000457763672,18.18000030517578,you,,SPEAKER_05
18.18000030517578,18.18000030517578,laughing,,SPEAKER_05
18.18000030517578,18.31999969482422,for,,SPEAKER_05
18.31999969482422,18.479999542236328,I'm,,SPEAKER_05
18.479999542236328,18.700000762939453,being,,SPEAKER_05
18.700000762939453,19.15999984741211,serious,,SPEAKER_05
19.31999969482422,19.459999084472656,I'm,,SPEAKER_05
19.459999084472656,19.65999984741211,being,,SPEAKER_05
19.65999984741211,20.040000915527344,serious,,SPEAKER_05
20.459999084472656,20.760000228881836,No,,SPEAKER_05
20.780000686645508,20.979999542236328,you,,SPEAKER_05
20.979999542236328,21.139999389648438,see,,SPEAKER_05
21.139999389648438,21.3799991607666,No,,SPEAKER_05
21.3799991607666,21.579999923706055,you,,SPEAKER_05
21.579999923706055,21.579999923706055,see,,SPEAKER_05
21.579999923706055,21.760000228881836,I'm,,SPEAKER_05
21.760000228881836,22.020000457763672,talking,,SPEAKER_05
22.020000457763672,22.440000534057617,facts,,SPEAKER_05
22.440000534057617,22.559999465942383,here,,SPEAKER_05
22.579999923706055,22.68000030517578,I,,SPEAKER_05
22.68000030517578,22.81999969482422,don't,,SPEAKER_05
22.81999969482422,23.040000915527344,do,,SPEAKER_05
23.040000915527344,23.18000030517578,if,,SPEAKER_05
23.360000610351562,23.440000534057617,buts,,SPEAKER_05
23.440000534057617,23.540000915527344,and,,SPEAKER_05
23.540000915527344,23.920000076293945,maybes,,SPEAKER_05
23.979999542236328,24.1200008392334,I,,SPEAKER_05
24.1200008392334,24.299999237060547,do,,SPEAKER_05
24.299999237060547,25.040000915527344,absolutes,,SPEAKER_05
25.600000381469727,25.799999237060547,And,,SPEAKER_05
25.979999542236328,26.360000610351562,you,,SPEAKER_05
26.360000610351562,26.360000610351562,know,,SPEAKER_05
26.3799991607666,26.6200008392334,like,,SPEAKER_05
26.6200008392334,26.65999984741211,if,,SPEAKER_05
26.65999984741211,26.84000015258789,your,,SPEAKER_05
26.84000015258789,26.940000534057617,aunt,,SPEAKER_05
26.940000534057617,27.200000762939453,had,,SPEAKER_05
27.200000762939453,27.3799991607666,balls,,SPEAKER_05
27.420000076293945,27.6200008392334,she'd,,SPEAKER_05
27.6200008392334,27.65999984741211,be,,SPEAKER_05
27.65999984741211,27.860000610351562,your,,SPEAKER_05
27.860000610351562,28.020000457763672,uncle,,SPEAKER_05
28.100000381469727,28.360000610351562,But,,SPEAKER_05
28.360000610351562,28.479999542236328,she,,SPEAKER_05
28.479999542236328,28.84000015258789,doesn't,,SPEAKER_05
28.8799991607666,29.059999465942383,so,,SPEAKER_05
29.059999465942383,29.360000610351562,she's,,SPEAKER_05
29.360000610351562,29.459999084472656,not,,SPEAKER_05
29.459999084472656,29.559999465942383,Do,,SPEAKER_05
29.559999465942383,29.600000381469727,you,,SPEAKER_05
29.600000381469727,29.700000762939453,know,,SPEAKER_05
29.700000762939453,29.81999969482422,what,,SPEAKER_05
29.81999969482422,30.18000030517578,I'm,,SPEAKER_05
30.18000030517578,30.420000076293945,trying,,SPEAKER_05
30.420000076293945,30.579999923706055,to,,SPEAKER_05
30.579999923706055,30.81999969482422,say,,SPEAKER_05
31.219999313354492,31.299999237060547,Who,,SPEAKER_05
31.540000915527344,32.099998474121094,Exactly,,SPEAKER_05
32.099998474121094,32.279998779296875,Who,,SPEAKER_05
32.540000915527344,32.79999923706055,He,,SPEAKER_05
32.79999923706055,33.20000076293945,knows,,SPEAKER_05
33.52000045776367,33.720001220703125,My,,SPEAKER_05
33.720001220703125,33.959999084472656,man,,SPEAKER_05
33.959999084472656,34.279998779296875,knows,,SPEAKER_05
34.52000045776367,34.540000915527344,Do,,SPEAKER_05
34.540000915527344,34.540000915527344,you,,SPEAKER_05
34.540000915527344,34.70000076293945,know,,SPEAKER_05
34.70000076293945,34.84000015258789,what,,SPEAKER_05
34.84000015258789,34.84000015258789,I,,SPEAKER_05
34.84000015258789,34.959999084472656,mean,,SPEAKER_05
35.18000030517578,35.47999954223633,Listen,,SPEAKER_05
35.63999938964844,36.13999938964844,Does,,SPEAKER_04
36.13999938964844,36.599998474121094,Brexit,,SPEAKER_04
36.599998474121094,38.560001373291016,make,,SPEAKER_04
38.560001373291016,39.08000183105469,my,,SPEAKER_04
39.08000183105469,39.08000183105469,passport,,SPEAKER_04
39.08000183105469,39.52000045776367,expire,,SPEAKER_04
39.58000183105469,40.08000183105469,No,,SPEAKER_04
40.41999816894531,40.619998931884766,But,,SPEAKER_04
40.619998931884766,40.70000076293945,it,,SPEAKER_04
40.70000076293945,40.880001068115234,does,,SPEAKER_04
40.880001068115234,41.02000045776367,mean,,SPEAKER_04
41.02000045776367,41.20000076293945,that,,SPEAKER_04
41.20000076293945,41.20000076293945,you,,SPEAKER_04
41.20000076293945,41.70000076293945,are,,SPEAKER_04
41.70000076293945,41.70000076293945,entitled,,SPEAKER_04
41.70000076293945,41.880001068115234,to,,SPEAKER_04
41.880001068115234,42.08000183105469,a,,SPEAKER_04
42.08000183105469,42.29999923706055,beautiful,,SPEAKER_04
42.29999923706055,42.720001220703125,new,,SPEAKER_04
42.720001220703125,43.36000061035156,blue,,SPEAKER_04
43.36000061035156,44.279998779296875,passport,,SPEAKER_04
44.7400016784668,45.13999938964844,Tomorrow,,SPEAKER_04
46.720001220703125,47.31999969482422,Tomorrow,,
47.959999084472656,48.13999938964844,Tomorrow,,SPEAKER_08
49.31999969482422,49.900001525878906,Tomorrow,,SPEAKER_08
50.41999816894531,50.720001220703125,Tomorrow,,SPEAKER_08
52.2400016784668,52.540000915527344,It's,,
52.540000915527344,53.060001373291016,tomorrow,,SPEAKER_08
53.439998626708984,53.63999938964844,No,,SPEAKER_08
53.63999938964844,53.779998779296875,it's,,SPEAKER_08
53.779998779296875,54.20000076293945,tomorrow,,SPEAKER_08
54.560001373291016,54.97999954223633,Butter,,SPEAKER_08
55.36000061035156,55.599998474121094,Butter,,SPEAKER_08
56.91999816894531,57.52000045776367,Butter,,SPEAKER_08
57.959999084472656,58.099998474121094,Butter,,SPEAKER_08
59.68000030517578,60.2599983215332,Listen,,SPEAKER_08
61.13999938964844,61.220001220703125,Butter,,SPEAKER_08
61.97999954223633,62.279998779296875,Butter,,SPEAKER_08
63.040000915527344,63.2599983215332,That's,,
63.2599983215332,63.63999938964844,it,,SPEAKER_08
64.31999969482422,64.33999633789062,Say,,SPEAKER_08
64.33999633789062,64.41999816894531,it,,SPEAKER_08
64.41999816894531,64.63999938964844,again,,SPEAKER_08
65.30000305175781,65.44000244140625,Butter,,SPEAKER_08
65.63999938964844,66.0,In,,SPEAKER_01
66.0,66.16000366210938,the,,SPEAKER_01
66.16000366210938,66.36000061035156,run,,SPEAKER_01
66.36000061035156,66.44000244140625,up,,SPEAKER_01
66.44000244140625,66.63999938964844,to,,SPEAKER_01
66.63999938964844,67.45999908447266,any,,SPEAKER_01
67.45999908447266,67.45999908447266,competition,,SPEAKER_01
67.86000061035156,68.13999938964844,Danny's,,SPEAKER_01
68.13999938964844,68.33999633789062,trainer,,SPEAKER_01
68.33999633789062,68.63999938964844,puts,,SPEAKER_01
68.63999938964844,68.77999877929688,him,,SPEAKER_01
68.77999877929688,68.9000015258789,on,,SPEAKER_01
68.9000015258789,69.05999755859375,a,,SPEAKER_01
69.05999755859375,69.33999633789062,strict,,SPEAKER_01
69.33999633789062,69.72000122070312,diet,,SPEAKER_01
71.0199966430664,71.5999984741211,Eight,,SPEAKER_02
71.5999984741211,71.81999969482422,o,,SPEAKER_02
71.81999969482422,71.81999969482422,clock,,SPEAKER_02
71.81999969482422,71.9800033569336,in,,SPEAKER_02
71.9800033569336,72.37999725341797,the,,SPEAKER_02
72.37999725341797,72.37999725341797,morning,,SPEAKER_02
72.5,72.69999694824219,I'll,,SPEAKER_02
72.69999694824219,72.95999908447266,have,,SPEAKER_02
72.95999908447266,73.36000061035156,fish,,SPEAKER_02
73.36000061035156,73.5,and,,SPEAKER_02
73.5,73.77999877929688,a,,SPEAKER_02
73.77999877929688,73.87999725341797,rice,,SPEAKER_02
73.87999725341797,74.27999877929688,cake,,SPEAKER_02
74.73999786376953,75.05999755859375,At,,SPEAKER_02
75.05999755859375,75.26000213623047,ten,,SPEAKER_02
75.26000213623047,75.63999938964844,o,,SPEAKER_02
75.63999938964844,75.63999938964844,clock,,SPEAKER_02
75.77999877929688,75.9000015258789,I'll,,SPEAKER_02
75.9000015258789,76.12000274658203,have,,SPEAKER_02
76.12000274658203,76.72000122070312,fish,,SPEAKER_02
77.5,77.91999816894531,At,,SPEAKER_02
77.91999816894531,78.37999725341797,twelve,,SPEAKER_02
78.37999725341797,78.94000244140625,o,,SPEAKER_02
78.94000244140625,78.94000244140625,clock,,SPEAKER_02
79.41999816894531,79.5999984741211,I'll,,SPEAKER_02
79.5999984741211,79.95999908447266,have,,SPEAKER_02
79.95999908447266,80.68000030517578,fish,,SPEAKER_02
80.68000030517578,80.87999725341797,and,,SPEAKER_02
80.87999725341797,81.18000030517578,a,,SPEAKER_02
81.18000030517578,81.26000213623047,rice,,SPEAKER_02
81.26000213623047,81.62000274658203,cake,,SPEAKER_02
82.22000122070312,82.54000091552734,At,,SPEAKER_02
82.54000091552734,82.80000305175781,two,,SPEAKER_02
82.80000305175781,83.18000030517578,o,,SPEAKER_02
83.18000030517578,83.18000030517578,clock,,SPEAKER_02
83.36000061035156,83.4800033569336,I'll,,SPEAKER_02
83.4800033569336,83.73999786376953,have,,SPEAKER_02
83.73999786376953,84.13999938964844,fish,,SPEAKER_02
86.91999816894531,87.4000015258789,At,,SPEAKER_02
87.4000015258789,87.87999725341797,four,,SPEAKER_02
87.87999725341797,88.4000015258789,o,,SPEAKER_02
88.4000015258789,88.4000015258789,clock,,SPEAKER_02
88.63999938964844,88.87999725341797,just,,SPEAKER_02
88.87999725341797,89.04000091552734,before,,SPEAKER_02
89.04000091552734,89.30000305175781,a,,SPEAKER_02
89.30000305175781,89.5999984741211,train,,SPEAKER_02
90.4000015258789,90.5,I'll,,SPEAKER_02
90.5,90.69999694824219,have,,SPEAKER_02
90.69999694824219,91.04000091552734,fish,,SPEAKER_02
91.04000091552734,91.13999938964844,and,,SPEAKER_02
91.13999938964844,91.22000122070312,a,,SPEAKER_02
91.22000122070312,91.45999908447266,rice,,SPEAKER_02
91.45999908447266,91.9000015258789,cake,,SPEAKER_02
92.44000244140625,92.66000366210938,I'll,,SPEAKER_02
92.66000366210938,93.05999755859375,train,,SPEAKER_02
93.95999908447266,94.19999694824219,I'll,,SPEAKER_02
94.19999694824219,94.33999633789062,have,,SPEAKER_02
94.33999633789062,94.5199966430664,me,,SPEAKER_02
94.5199966430664,94.95999908447266,fish,,SPEAKER_02
96.12000274658203,96.5,I'll,,SPEAKER_02
96.5,96.69999694824219,come,,SPEAKER_02
96.69999694824219,97.0,home,,SPEAKER_02
97.0999984741211,97.26000213623047,have,,SPEAKER_02
97.26000213623047,97.45999908447266,some,,SPEAKER_02
97.45999908447266,97.87999725341797,more,,SPEAKER_02
97.87999725341797,98.16000366210938,fish,,SPEAKER_02
98.19999694824219,98.41999816894531,So,,SPEAKER_00
98.41999816894531,98.58000183105469,this,,SPEAKER_00
98.58000183105469,98.73999786376953,is,,SPEAKER_00
98.73999786376953,99.18000030517578,my,,SPEAKER_00
99.18000030517578,99.62000274658203,lovely,,SPEAKER_00
100.31999969482422,100.31999969482422,lovely,,SPEAKER_00
100.31999969482422,100.55999755859375,dress,,SPEAKER_00
100.80000305175781,100.83999633789062,Loved,,SPEAKER_00
100.83999633789062,101.27999877929688,my,,SPEAKER_00
101.27999877929688,101.27999877929688,dress,,SPEAKER_00
101.68000030517578,101.87999725341797,White,,SPEAKER_00
101.87999725341797,102.08000183105469,was,,SPEAKER_00
102.08000183105469,102.33999633789062,obviously,,SPEAKER_00
102.33999633789062,102.58000183105469,a,,SPEAKER_00
102.58000183105469,102.58000183105469,bit,,SPEAKER_00
102.58000183105469,102.68000030517578,dodgy,,SPEAKER_00
102.76000213623047,102.9000015258789,Can,,SPEAKER_00
102.9000015258789,103.0199966430664,you,,SPEAKER_00
103.0199966430664,103.27999877929688,see,,SPEAKER_00
103.27999877929688,103.5999984741211,the,,SPEAKER_00
103.5999984741211,103.77999877929688,yellow,,SPEAKER_00
103.77999877929688,104.19999694824219,stains,,SPEAKER_00
104.19999694824219,104.95999908447266,and,,SPEAKER_00
104.95999908447266,105.30000305175781,all,,SPEAKER_00
105.30000305175781,105.31999969482422,sorts,,SPEAKER_00
105.31999969482422,105.41999816894531,of,,SPEAKER_00
105.41999816894531,105.5199966430664,stuff,,SPEAKER_00
105.54000091552734,105.77999877929688,Now,,SPEAKER_00
105.77999877929688,105.86000061035156,before,,SPEAKER_00
105.86000061035156,106.27999877929688,you,,SPEAKER_00
106.27999877929688,106.30000305175781,jump,,SPEAKER_00
106.30000305175781,106.5,to,,SPEAKER_00
106.5,106.83999633789062,any,,SPEAKER_00
106.83999633789062,107.13999938964844,conclusions,,SPEAKER_00
107.13999938964844,107.36000061035156,where,,SPEAKER_00
107.36000061035156,107.63999938964844,these,,SPEAKER_00
107.63999938964844,108.16000366210938,mysterious,,SPEAKER_00
108.16000366210938,108.54000091552734,yellow,,SPEAKER_00
108.54000091552734,108.81999969482422,stains,,SPEAKER_00
108.81999969482422,109.0999984741211,might,,SPEAKER_00
109.0999984741211,109.37999725341797,have,,SPEAKER_00
109.37999725341797,109.4000015258789,come,,SPEAKER_00
109.4000015258789,109.58000183105469,from,,SPEAKER_00
109.77999877929688,109.95999908447266,I,,SPEAKER_00
109.95999908447266,110.05999755859375,can,,SPEAKER_00
110.05999755859375,110.16000366210938,tell,,SPEAKER_00
110.16000366210938,110.31999969482422,you,,SPEAKER_00
110.31999969482422,110.31999969482422,that,,SPEAKER_00
110.31999969482422,110.37999725341797,those,,SPEAKER_00
110.37999725341797,110.5,are,,SPEAKER_00
110.5,111.08000183105469,in,,SPEAKER_00
111.08000183105469,111.08000183105469,fact,,SPEAKER_00
111.08000183105469,111.18000030517578,mustard,,SPEAKER_00
111.18000030517578,111.55999755859375,and,,SPEAKER_00
111.55999755859375,111.69999694824219,pick,,SPEAKER_00
111.69999694824219,111.73999786376953,a,,SPEAKER_00
111.73999786376953,111.91999816894531,lily,,SPEAKER_00
111.91999816894531,112.63999938964844,Woah,,SPEAKER_00
112.9000015258789,113.4000015258789,woah,,SPEAKER_07
114.5199966430664,114.5199966430664,woah,,SPEAKER_07
115.0,115.72000122070312,Mysterious,,SPEAKER_07
115.72000122070312,116.27999877929688,girl,,SPEAKER_07
117.0199966430664,117.0199966430664,Move,,SPEAKER_07
117.0199966430664,117.41999816894531,your,,SPEAKER_07
117.41999816894531,117.77999877929688,body,,SPEAKER_07
117.77999877929688,118.19999694824219,close,,SPEAKER_07
118.19999694824219,118.5999984741211,to,,SPEAKER_07
118.5999984741211,118.63999938964844,mine,,SPEAKER_07
118.86000061035156,118.9000015258789,Come,,SPEAKER_07
118.9000015258789,119.08000183105469,on,,SPEAKER_07
119.08000183105469,119.19999694824219,move,,SPEAKER_07
119.19999694824219,119.36000061035156,your,,SPEAKER_07
119.36000061035156,119.62000274658203,body,,SPEAKER_07
120.0999984741211,120.22000122070312,Come,,SPEAKER_07
120.22000122070312,120.4800033569336,on,,SPEAKER_07
120.54000091552734,120.58000183105469,move,,SPEAKER_07
120.58000183105469,120.80000305175781,your,,SPEAKER_07
120.80000305175781,121.04000091552734,body,,SPEAKER_07
122.12000274658203,122.33999633789062,I,,
122.33999633789062,122.76000213623047,stop,,SPEAKER_07
122.76000213623047,123.26000213623047,and,,SPEAKER_07
123.26000213623047,123.27999877929688,stare,,SPEAKER_07
123.27999877929688,123.68000030517578,at,,SPEAKER_07
123.68000030517578,124.0999984741211,you,,SPEAKER_07
124.31999969482422,124.80000305175781,Walking,,SPEAKER_07
124.80000305175781,125.18000030517578,on,,SPEAKER_07
125.18000030517578,125.54000091552734,the,,SPEAKER_07
125.54000091552734,126.04000091552734,shore,,SPEAKER_07
126.55999755859375,127.08000183105469,I,,SPEAKER_07
127.08000183105469,127.37999725341797,try,,SPEAKER_07
127.37999725341797,128.3800048828125,to,,SPEAKER_07
128.3800048828125,128.3800048828125,concentrate,,SPEAKER_07
128.8000030517578,129.16000366210938,My,,SPEAKER_07
129.16000366210938,129.3000030517578,mind,,SPEAKER_07
129.3000030517578,129.55999755859375,wants,,SPEAKER_07
129.55999755859375,130.3000030517578,to,,SPEAKER_07
130.3000030517578,130.3000030517578,explore,,SPEAKER_07
131.27999877929688,131.32000732421875,To,,SPEAKER_07
131.32000732421875,131.32000732421875,explore,,SPEAKER_07
131.32000732421875,131.55999755859375,The,,SPEAKER_07
131.55999755859375,132.0800018310547,tropical,,SPEAKER_07
132.0800018310547,132.67999267578125,scene,,SPEAKER_07
132.67999267578125,132.97999572753906,of,,SPEAKER_07
132.97999572753906,133.36000061035156,you,,SPEAKER_07
133.36000061035156,133.9199981689453,takes,,SPEAKER_07
133.9199981689453,134.27999877929688,me,,SPEAKER_07
134.27999877929688,134.60000610351562,up,,SPEAKER_07
134.60000610351562,135.4199981689453,above,,SPEAKER_07
135.83999633789062,136.1199951171875,And,,SPEAKER_07
136.1199951171875,136.39999389648438,girl,,SPEAKER_07
136.39999389648438,136.6999969482422,when,,SPEAKER_07
136.6999969482422,136.8800048828125,I,,SPEAKER_07
136.8800048828125,137.25999450683594,look,,SPEAKER_07
137.25999450683594,137.63999938964844,at,,SPEAKER_07
137.63999938964844,137.97999572753906,you,,SPEAKER_07
138.16000366210938,138.66000366210938,oh,,SPEAKER_07
138.66000366210938,139.16000366210938,I,,SPEAKER_07
139.16000366210938,139.17999267578125,fall,,SPEAKER_07
139.17999267578125,139.60000610351562,in,,SPEAKER_07
139.60000610351562,139.82000732421875,love,,SPEAKER_07
140.66000366210938,141.22000122070312,No,,SPEAKER_07
141.22000122070312,141.6199951171875,doubt,,SPEAKER_07
141.6199951171875,141.8800048828125,you,,SPEAKER_07
141.8800048828125,142.13999938964844,look,,SPEAKER_07
142.13999938964844,142.52000427246094,so,,SPEAKER_07
142.52000427246094,143.05999755859375,fine,,SPEAKER_07
143.3000030517578,143.86000061035156,Woah,,SPEAKER_07
144.16000366210938,144.16000366210938,Girl,,SPEAKER_07
144.22000122070312,144.4199981689453,I,,SPEAKER_07
144.4199981689453,144.5,want,,SPEAKER_07
144.5,144.67999267578125,to,,SPEAKER_07
144.67999267578125,144.9600067138672,make,,SPEAKER_07
144.9600067138672,145.22000122070312,you,,SPEAKER_07
145.22000122070312,145.66000366210938,mine,,SPEAKER_07
145.74000549316406,145.9600067138672,Yeah,,SPEAKER_07
145.9600067138672,146.25999450683594,come,,SPEAKER_07
146.25999450683594,146.5800018310547,on,,SPEAKER_07
146.77999877929688,146.86000061035156,Just,,SPEAKER_07
146.86000061035156,147.17999267578125,let,,SPEAKER_07
147.17999267578125,147.4199981689453,me,,SPEAKER_07
147.4199981689453,147.97999572753906,be,,SPEAKER_07
147.97999572753906,148.5,with,,SPEAKER_07
148.5,149.1199951171875,the,,SPEAKER_07
149.1199951171875,149.3000030517578,woman,,SPEAKER_07
149.3000030517578,149.9600067138672,that,,SPEAKER_07
149.9600067138672,150.22000122070312,I,,SPEAKER_07
150.22000122070312,150.22000122070312,love,,SPEAKER_07
150.5800018310547,150.5800018310547,The,,SPEAKER_07
150.5800018310547,150.5800018310547,woman,,SPEAKER_07
150.5800018310547,150.86000061035156,that,,SPEAKER_07
150.86000061035156,151.0399932861328,I,,SPEAKER_07
151.0399932861328,151.24000549316406,love,,SPEAKER_07
151.5,151.8800048828125,Where's,,SPEAKER_07
151.8800048828125,152.22000122070312,the,,SPEAKER_07
152.22000122070312,152.5800018310547,lamb,,SPEAKER_07
152.5800018310547,153.44000244140625,sauce,,SPEAKER_07
153.6199951171875,153.74000549316406,Come,,SPEAKER_07
153.74000549316406,153.94000244140625,on,,SPEAKER_07
153.97999572753906,154.3800048828125,man,,SPEAKER_07
154.60000610351562,154.8800048828125,I,,SPEAKER_07
154.8800048828125,155.16000366210938,just,,SPEAKER_07
155.16000366210938,155.4199981689453,need,,SPEAKER_07
155.4199981689453,155.75999450683594,it,,SPEAKER_07
156.0,156.25999450683594,There's,,SPEAKER_06
156.25999450683594,156.47999572753906,the,,SPEAKER_06
156.47999572753906,156.47999572753906,lamb,,SPEAKER_06
156.47999572753906,156.47999572753906,sauce,,SPEAKER_06
156.47999572753906,156.94000244140625,Where's,,SPEAKER_06
156.94000244140625,157.4600067138672,the,,SPEAKER_06
157.4600067138672,157.4600067138672,lamb,,SPEAKER_06
157.4600067138672,158.0800018310547,sauce,,SPEAKER_06
158.47999572753906,158.74000549316406,Do,,SPEAKER_06
158.74000549316406,158.8800048828125,you,,SPEAKER_06
158.8800048828125,159.1199951171875,think,,SPEAKER_06
159.1199951171875,159.3800048828125,these,,SPEAKER_06
159.3800048828125,159.89999389648438,,,SPEAKER_06
159.89999389648438,160.0399932861328,are,,SPEAKER_06
160.0399932861328,160.0399932861328,going,,SPEAKER_06
160.0399932861328,160.22000122070312,to,,SPEAKER_06
160.22000122070312,160.4600067138672,pay,,SPEAKER_06
160.4600067138672,160.82000732421875,my,,SPEAKER_06
160.82000732421875,161.36000061035156,mortgage,,SPEAKER_06
161.52000427246094,161.97999572753906,I've,,SPEAKER_06
161.97999572753906,162.27999877929688,got,,SPEAKER_06
162.27999877929688,162.83999633789062,money,,SPEAKER_06
163.55999755859375,164.1199951171875,Listen,,SPEAKER_09
164.33999633789062,164.55999755859375,Gemma,,SPEAKER_09
164.74000549316406,165.3000030517578,I'm,,SPEAKER_06
165.3000030517578,165.86000061035156,claustrophobic,,SPEAKER_06
166.60000610351562,166.60000610351562,Darren,,SPEAKER_06
166.77999877929688,167.27999877929688,Listen,,SPEAKER_09
167.55999755859375,167.8800048828125,They,,SPEAKER_06
167.8800048828125,168.1199951171875,don't,,SPEAKER_06
168.1199951171875,168.60000610351562,get,,SPEAKER_06
168.60000610351562,168.82000732421875,it,,SPEAKER_06
168.82000732421875,169.05999755859375,I'm,,SPEAKER_06
169.05999755859375,170.4600067138672,claustrophobic,,SPEAKER_06
170.8000030517578,170.86000061035156,The,,SPEAKER_00
170.86000061035156,171.22000122070312,voting,,SPEAKER_00
171.22000122070312,171.72000122070312,lines,,SPEAKER_00
171.72000122070312,172.39999389648438,have,,SPEAKER_00
172.39999389648438,172.9199981689453,officially,,SPEAKER_00
172.9199981689453,173.5,closed,,SPEAKER_00
173.63999938964844,174.44000244140625,The,,SPEAKER_00
174.44000244140625,174.74000549316406,votes,,SPEAKER_00
174.74000549316406,175.0800018310547,have,,SPEAKER_00
175.0800018310547,175.39999389648438,been,,SPEAKER_00
175.39999389648438,175.82000732421875,counted,,SPEAKER_00
175.82000732421875,176.60000610351562,and,,SPEAKER_00
176.60000610351562,177.27999877929688,verified,,SPEAKER_00
179.6199951171875,180.1199951171875,Could,,
180.1199951171875,180.3000030517578,you,,SPEAKER_00
180.3000030517578,180.52000427246094,please,,SPEAKER_00
180.52000427246094,180.77999877929688,have,,SPEAKER_00
180.77999877929688,180.97999572753906,quiet,,SPEAKER_00
180.97999572753906,181.22000122070312,in,,SPEAKER_00
181.22000122070312,181.66000366210938,the,,SPEAKER_00
181.66000366210938,181.66000366210938,studio,,SPEAKER_00
183.60000610351562,183.72000122070312,Quite,,SPEAKER_00
183.72000122070312,184.22000122070312,please,,SPEAKER_00
188.36000061035156,188.86000061035156,,,
188.86000061035156,189.52000427246094,shut,,SPEAKER_06
189.52000427246094,189.9600067138672,up,,SPEAKER_06
192.44000244140625,193.1199951171875,Thank,,SPEAKER_06
193.1199951171875,193.89999389648438,you,,SPEAKER_06
194.82000732421875,195.82000732421875,Message,,SPEAKER_07
196.77999877929688,197.33999633789062,Oh,,SPEAKER_07
197.5,197.83999633789062,from,,SPEAKER_07
197.83999633789062,198.24000549316406,Michelle,,SPEAKER_07
199.67999267578125,199.77999877929688,How,,SPEAKER_07
199.77999877929688,199.94000244140625,very,,SPEAKER_07
199.94000244140625,200.22000122070312,amusing,,SPEAKER_07
200.75999450683594,200.83999633789062,Say,,SPEAKER_02
200.83999633789062,200.89999389648438,would,,SPEAKER_02
200.89999389648438,200.89999389648438,you,,SPEAKER_02
200.89999389648438,201.02000427246094,like,,SPEAKER_02
201.02000427246094,201.0800018310547,to,,SPEAKER_02
201.0800018310547,201.1999969482422,watch,,SPEAKER_02
201.1999969482422,201.60000610351562,it,,SPEAKER_02
201.60000610351562,201.60000610351562,together,,SPEAKER_02
201.75999450683594,202.16000366210938,Yes,,SPEAKER_02
202.17999267578125,202.32000732421875,Let's,,SPEAKER_02
202.32000732421875,202.47999572753906,have,,SPEAKER_02
202.47999572753906,202.66000366210938,a,,SPEAKER_02
202.66000366210938,202.9199981689453,look,,SPEAKER_02
203.1999969482422,203.55999755859375,Hey,,SPEAKER_05
203.66000366210938,203.9199981689453,Prince,,SPEAKER_05
203.9199981689453,204.1999969482422,Harry,,SPEAKER_05
204.72000122070312,204.77999877929688,Remember,,SPEAKER_05
204.77999877929688,204.9600067138672,when,,SPEAKER_05
204.9600067138672,205.10000610351562,you,,SPEAKER_05
205.10000610351562,205.25999450683594,told,,SPEAKER_05
205.25999450683594,205.4199981689453,us,,SPEAKER_05
205.4199981689453,205.6199951171875,to,,SPEAKER_05
205.6199951171875,205.82000732421875,bring,,SPEAKER_05
205.82000732421875,206.0,it,,SPEAKER_05
206.0,206.1999969482422,at,,SPEAKER_05
206.1999969482422,206.4199981689453,the,,SPEAKER_05
206.4199981689453,206.75999450683594,Invictus,,SPEAKER_05
206.75999450683594,207.16000366210938,Games,,SPEAKER_05
207.77999877929688,208.17999267578125,Careful,,SPEAKER_05
208.17999267578125,208.36000061035156,what,,SPEAKER_05
208.36000061035156,208.5,you,,SPEAKER_05
208.5,208.6999969482422,wish,,SPEAKER_05
208.6999969482422,209.74000549316406,for,,SPEAKER_05
210.82000732421875,211.22000122070312,Boom,,
212.32000732421875,212.8800048828125,Oh,,SPEAKER_02
212.8800048828125,213.4199981689453,really,,SPEAKER_02
214.4600067138672,215.02000427246094,Please,,SPEAKER_02
215.63999938964844,215.97999572753906,Boom,,SPEAKER_01
218.0,218.55999755859375,My,,SPEAKER_01
218.55999755859375,218.82000732421875,name,,SPEAKER_01
218.82000732421875,219.0399932861328,is,,SPEAKER_01
219.0399932861328,219.32000732421875,Jonathan,,SPEAKER_01
219.32000732421875,219.74000549316406,Pye,,SPEAKER_01
219.74000549316406,220.1199951171875,and,,SPEAKER_01
220.1199951171875,220.55999755859375,that,,SPEAKER_01
220.55999755859375,220.77999877929688,was,,SPEAKER_01
220.77999877929688,221.17999267578125,the,,SPEAKER_01
221.17999267578125,221.47999572753906,,,SPEAKER_01
221.47999572753906,222.24000549316406,news,,SPEAKER_01
229.74000549316406,230.17999267578125,Mr,,SPEAKER_03
230.39999389648438,230.39999389648438,Broccoli,,SPEAKER_03
230.60000610351562,230.74000549316406,you,,SPEAKER_03
230.74000549316406,231.02000427246094,went,,SPEAKER_03
231.02000427246094,231.44000244140625,viral,,SPEAKER_03
231.44000244140625,231.86000061035156,on,,SPEAKER_03
231.86000061035156,232.0800018310547,the,,SPEAKER_03
232.0800018310547,232.33999633789062,internet,,SPEAKER_03
232.36000061035156,232.8000030517578,because,,SPEAKER_03
232.8000030517578,233.13999938964844,you,,SPEAKER_03
233.13999938964844,233.36000061035156,were,,SPEAKER_03
233.36000061035156,233.55999755859375,arrested,,SPEAKER_03
233.55999755859375,233.82000732421875,and,,SPEAKER_03
233.82000732421875,233.89999389648438,you,,SPEAKER_03
233.89999389648438,234.02000427246094,were,,SPEAKER_03
234.02000427246094,234.22000122070312,a,,SPEAKER_03
234.22000122070312,234.22000122070312,piece,,SPEAKER_03
234.22000122070312,234.6199951171875,of,,SPEAKER_03
234.6199951171875,234.6199951171875,broccoli,,SPEAKER_03
235.10000610351562,235.5399932861328,Yes,,SPEAKER_03
235.94000244140625,236.05999755859375,Do,,SPEAKER_03
236.05999755859375,236.1999969482422,you,,SPEAKER_03
236.1999969482422,236.55999755859375,identify,,SPEAKER_03
236.55999755859375,237.0399932861328,as,,SPEAKER_03
237.0399932861328,237.0399932861328,broccoli,,SPEAKER_03
237.24000549316406,237.63999938964844,I,,SPEAKER_03
237.63999938964844,237.83999633789062,am,,SPEAKER_03
237.83999633789062,238.0800018310547,Mr,,SPEAKER_03
238.25999450683594,238.33999633789062,Broccoli,,SPEAKER_03
238.5,238.77999877929688,yes,,SPEAKER_03
238.82000732421875,239.0800018310547,Yes,,SPEAKER_03
239.0800018310547,239.24000549316406,that's,,SPEAKER_03
239.24000549316406,239.4600067138672,right,,SPEAKER_03
239.6199951171875,239.67999267578125,please,,SPEAKER_03
239.94000244140625,240.05999755859375,Do,,SPEAKER_03
240.05999755859375,240.0800018310547,you,,SPEAKER_03
240.0800018310547,240.17999267578125,have,,SPEAKER_03
240.17999267578125,240.3800048828125,another,,SPEAKER_03
240.3800048828125,240.5800018310547,name,,SPEAKER_03
240.5800018310547,240.75999450683594,or,,SPEAKER_03
240.75999450683594,240.9600067138672,not,,SPEAKER_03
241.24000549316406,241.4600067138672,No,,SPEAKER_03
241.4600067138672,241.6199951171875,Mr,,SPEAKER_03
241.6999969482422,241.82000732421875,Broccoli,,SPEAKER_03
241.82000732421875,242.3800048828125,is,,SPEAKER_03
242.3800048828125,242.44000244140625,That's,,SPEAKER_03
242.44000244140625,242.6199951171875,it,,SPEAKER_00
242.72000122070312,243.16000366210938,You,,SPEAKER_00
243.16000366210938,243.33999633789062,don't,,SPEAKER_00
243.33999633789062,243.52000427246094,go,,SPEAKER_00
243.52000427246094,243.66000366210938,about,,SPEAKER_00
243.66000366210938,243.9199981689453,your,,SPEAKER_00
243.9199981689453,244.13999938964844,daily,,SPEAKER_00
244.13999938964844,244.60000610351562,business,,SPEAKER_00
244.60000610351562,245.10000610351562,as,,SPEAKER_00
245.10000610351562,245.4600067138672,a,,SPEAKER_00
245.4600067138672,245.4600067138672,piece,,SPEAKER_00
245.4600067138672,245.89999389648438,of,,SPEAKER_00
245.89999389648438,245.89999389648438,broccoli,,SPEAKER_00
246.24000549316406,246.52000427246094,I've,,
246.52000427246094,246.72000122070312,always,,SPEAKER_03
246.72000122070312,246.83999633789062,been,,SPEAKER_03
246.83999633789062,247.13999938964844,a,,SPEAKER_03
247.13999938964844,247.13999938964844,piece,,SPEAKER_03
247.13999938964844,247.5800018310547,of,,SPEAKER_03
247.5800018310547,247.5800018310547,broccoli,,SPEAKER_03
248.0,248.16000366210938,Really,,SPEAKER_03
248.32000732421875,248.66000366210938,Yeah,,SPEAKER_03
248.66000366210938,248.86000061035156,Oh,,SPEAKER_03
248.86000061035156,249.0800018310547,yeah,,SPEAKER_03
249.33999633789062,249.77999877929688,Yeah,,SPEAKER_03
249.8800048828125,250.32000732421875,Right,,SPEAKER_00
250.32000732421875,250.5399932861328,So,,SPEAKER_00
250.5399932861328,251.0399932861328,do,,SPEAKER_00
251.0399932861328,251.1199951171875,you,,SPEAKER_00
251.1199951171875,251.1999969482422,have,,SPEAKER_00
251.1999969482422,251.52000427246094,a,,SPEAKER_00
251.52000427246094,251.52000427246094,job,,SPEAKER_00
252.27999877929688,252.66000366210938,I,,
252.66000366210938,252.89999389648438,just,,SPEAKER_03
252.89999389648438,253.16000366210938,grow,,SPEAKER_03
254.0800018310547,254.52000427246094,Do,,SPEAKER_09
254.52000427246094,254.52000427246094,you,,SPEAKER_09
254.52000427246094,255.02000427246094,know,,SPEAKER_09
255.02000427246094,255.1199951171875,who,,SPEAKER_09
255.1199951171875,255.22000122070312,I,,SPEAKER_09
255.22000122070312,255.32000732421875,am,,SPEAKER_09
255.32000732421875,255.5,Do,,SPEAKER_09
255.5,255.72000122070312,I,,SPEAKER_09
255.72000122070312,256.0799865722656,care,,SPEAKER_09
256.7200012207031,256.8800048828125,Well,,SPEAKER_09
256.8800048828125,257.1000061035156,you,,SPEAKER_09
257.1000061035156,257.2200012207031,will,,SPEAKER_09
257.2200012207031,257.4599914550781,when,,SPEAKER_09
257.4599914550781,258.0799865722656,you,,SPEAKER_09
258.0799865722656,258.29998779296875,pull,,SPEAKER_09
258.29998779296875,258.6400146484375,up,,SPEAKER_09
258.8800048828125,259.1600036621094,Come,,
259.1600036621094,259.17999267578125,on,,SPEAKER_09
259.2200012207031,259.3999938964844,who,,SPEAKER_09
259.3999938964844,259.5199890136719,are,,SPEAKER_09
259.5199890136719,259.6199951171875,you,,SPEAKER_09
259.6199951171875,259.8599853515625,then,,SPEAKER_09
260.0799865722656,260.3399963378906,Ronan,,SPEAKER_09
260.3399963378906,260.67999267578125,Bickering,,SPEAKER_09
261.2200012207031,261.3800048828125,Who,,SPEAKER_09
261.4800109863281,261.760009765625,Ronan,,SPEAKER_09
261.760009765625,262.1000061035156,Bickering,,SPEAKER_09
262.5400085449219,262.739990234375,Who,,SPEAKER_09
262.9200134277344,263.2799987792969,Ronan,,SPEAKER_09
263.2799987792969,263.67999267578125,Bickering,,SPEAKER_09
263.9599914550781,264.1400146484375,Who,,SPEAKER_09
264.1400146484375,264.239990234375,the,,SPEAKER_09
264.239990234375,264.4599914550781,,,SPEAKER_09
264.4599914550781,264.5400085449219,is,,SPEAKER_09
264.5400085449219,264.739990234375,that,,SPEAKER_09
264.79998779296875,265.0799865722656,Yeah,,SPEAKER_09
265.0799865722656,265.32000732421875,me,,SPEAKER_09
266.0199890136719,266.3399963378906,Oh,,SPEAKER_09
266.44000244140625,266.8599853515625,wow,,SPEAKER_09
266.9800109863281,267.44000244140625,Yeah,,SPEAKER_09
267.44000244140625,267.8599853515625,Brilliant,,SPEAKER_09
269.17999267578125,269.6400146484375,That's,,SPEAKER_01
269.6400146484375,269.8999938964844,literally,,SPEAKER_01
269.8999938964844,269.9599914550781,the,,SPEAKER_01
269.9599914550781,270.3800048828125,first,,SPEAKER_01
270.3800048828125,270.5199890136719,thing,,SPEAKER_01
270.5199890136719,270.6600036621094,I,,SPEAKER_01
270.6600036621094,271.3999938964844,do,,SPEAKER_01
272.0799865722656,272.5400085449219,There's,,SPEAKER_01
272.5400085449219,272.67999267578125,always,,SPEAKER_01
272.67999267578125,273.0,one,,SPEAKER_01
273.7799987792969,274.0,I'm,,
274.0,274.0,going,,SPEAKER_01
274.0,274.0,to,,SPEAKER_01
274.0,274.1000061035156,chop,,SPEAKER_01
274.1000061035156,274.239990234375,the,,SPEAKER_01
274.239990234375,274.2799987792969,end,,SPEAKER_01
274.2799987792969,274.32000732421875,of,,SPEAKER_01
274.32000732421875,274.5799865722656,my,,SPEAKER_01
274.5799865722656,274.6400146484375,finger,,SPEAKER_01
274.6400146484375,274.8999938964844,off,,SPEAKER_01
276.6600036621094,277.1199951171875,Might,,SPEAKER_01
277.1199951171875,277.239990234375,have,,SPEAKER_01
277.239990234375,277.32000732421875,to,,SPEAKER_01
277.32000732421875,277.44000244140625,sit,,SPEAKER_01
277.44000244140625,277.6600036621094,outside,,SPEAKER_01
277.6600036621094,277.82000732421875,for,,SPEAKER_01
277.82000732421875,277.94000244140625,a,,SPEAKER_01
277.94000244140625,278.3999938964844,bit,,SPEAKER_01
278.5199890136719,278.6400146484375,A,,SPEAKER_06
278.6400146484375,278.760009765625,bit,,SPEAKER_06
278.760009765625,280.17999267578125,like,,SPEAKER_06
280.32000732421875,280.7799987792969,Keep,,SPEAKER_06
280.7799987792969,281.0400085449219,walking,,SPEAKER_06
281.739990234375,282.0799865722656,Slowly,,SPEAKER_06
286.760009765625,287.2799987792969,Oh,,SPEAKER_03
287.5,287.5199890136719,dear,,SPEAKER_03
